strainName,NA,0,10,20,40,80
B6J-(WT372)Srgap3<S642P> Cyfip2 S968F<N>,17,0,0,34,17,34
B6J-Cyfip2 C179R<HET>,18,0,0,36,18,36
B6J-Cyfip2 S968F<N> (GET202),19,0,0,38,19,38
B6J-Cyfip2<K724E>,18,0,0,36,18,36
B6NJ-AU040320-/- Cyfip2-S968F<J>,16,0,0,32,16,32
B6NJ-Adgrb2-/- Cyfip2 S968F<J>,19,0,0,38,19,38
B6NJ-Ajap1-/- Cyfip2-S968F<J>,17,0,0,38,21,38
B6NJ-Arv1+/- Cyfip2-S968F<J>,1,0,0,2,1,2
B6NJ-Arv1-/- Cyfip2-S968F<J>,16,0,0,32,16,32
B6NJ-Bcl11b+/- Cyfip2-S968F<J>,3,0,0,22,19,22
B6NJ-Chn1-/- Cyfip2-S968F<J>,4,0,0,22,14,22
B6NJ-Cnksr2-/- Cyfip2-S968F<J> (X chr),14,0,0,28,14,28
B6NJ-Cxxc4-/- Cyfip2-S968F<J>,6,0,0,32,26,32
B6NJ-Cyfip2-S968F<J> (GET204),58,0,0,154,88,154
B6NJ-Dnajb5-/- Cyfip2-S968F<J>,19,0,0,38,19,38
B6NJ-Eps15l1-/- Cyfip2-S968F<J>,2,0,0,4,2,4
B6NJ-Fndc4-/- Cyfip2-S968F<J>,5,0,0,48,43,38
B6NJ-Gigyf2-/- Cyfip2-S968F<J>,18,0,0,36,18,36
B6NJ-Igsf9b-/- Cyfip2-S968F<J>,10,0,0,20,10,20
B6NJ-Isca1+/- Cyfip2-S968F<J>,1,0,0,36,32,36
B6NJ-Isca1tm1a+/- Cyfip2-S968F<J>,1,0,0,2,2,0
B6NJ-Kbtbd7-/- Cyfip2-S968F<J>,19,0,0,38,19,38
B6NJ-Kcnb2-/- Cyfip2-S968F<J>,18,0,0,36,18,36
B6NJ-Kcnd3-/- Cyfip2-S968F<J>,22,0,0,62,40,62
B6NJ-Kcnh3-/- Cyfip2-S968F<J>,0,0,0,36,36,36
B6NJ-Kdm5b-/- Cyfip2-S968F<J>,4,0,0,8,4,8
B6NJ-Lcorl-/- Cyfip2-S968F<J>,7,0,0,28,18,28
B6NJ-Macrod2-/- Cyfip2-S968F<J>,4,0,0,44,35,36
B6NJ-Mast3-/- Cyfip2-S968F<J>,20,0,0,40,20,40
B6NJ-Mylip-/- Cyfip2-S968F<J>,18,0,0,36,18,36
B6NJ-Myo5a+/- Cyfip2-S968F<J>,14,0,0,28,14,28
B6NJ-Ncald-/- Cyfip2-S968F<J>,6,0,0,12,6,12
B6NJ-Nrsn1-/- Cyfip2-S968F<J>,13,0,0,26,13,26
B6NJ-Pcdh9+/- Cyfip2-S968F<J>,12,0,0,24,12,24
B6NJ-Pcyox1l-/- Cyfip2-S968F<J>,6,0,0,34,23,34
B6NJ-Pdzd8-/- Cyfip2-S968F<J>,16,0,0,36,20,36
B6NJ-Ppfia2-/- Cyfip2-S968F<J>,16,0,0,32,16,32
B6NJ-Ppfia3-/- Cyfip2-S968F<J>,7,0,0,44,37,44
B6NJ-Ptpru-/- Cyfip2-S968F<J>,0,0,0,38,38,38
B6NJ-Rab3gap2-/- Cyfip2-S968F<J>,3,0,0,6,3,6
B6NJ-Rap2b-/- Cyfip2-S968F<J>,16,0,0,38,21,38
B6NJ-Rbm4b-/- Cyfip2-S968F<J>,20,0,0,40,20,40
B6NJ-Rimklb-/- Cyfip2-S968F<J>,17,0,0,34,17,34
B6NJ-Rnf25-/- Cyfip2-S968F<J>,15,0,0,30,15,30
B6NJ-Safb2-/- Cyfip2-S968F<J>,15,0,0,36,21,36
B6NJ-Scamp5+/- Cyfip2-S968F<J>,7,0,0,20,13,20
B6NJ-Shisa7-/- Cyfip2-S968F<J>,12,0,0,32,20,32
B6NJ-Sipa1l1-/- Cyfip2-S968F<J>,10,1,0,32,21,32
B6NJ-Slc26a10-/- Cyfip2-S968F<J>,4,0,0,36,28,36
B6NJ-Strn3+/- Cyfip2-S968F<J>,0,0,0,32,32,32
B6NJ-Stx16-/- Cyfip2-S968F<J>,18,0,0,36,18,36
B6NJ-Synj1+/- Cyfip2-S968F<J>,16,0,0,32,16,32
B6NJ-Tars3-/- Cyfip2-S968F<J>,0,0,0,36,36,36
B6NJ-Tbc1d30-/- Cyfip2-S968F<J>,13,0,0,30,15,30
B6NJ-Tmem 79-/- Cyfip2-S968F<J>,7,0,0,34,22,34
B6NJ-Tmem151b-/- Cyfip2-S968F<J>,33,0,0,82,58,64
B6NJ-Tmod2-/- Cyfip2-S968F<J>,4,0,0,26,22,26
B6NJ-Tppp-/- Cyfip2-S968F<J>,9,0,0,38,29,38
B6NJ-Trim46-/- Cyfip2-S968F<J>,18,0,0,36,18,36
B6NJ-Tspan7-/- Cyfip2-S968F<J> (X chr),18,0,0,36,18,36
B6NJ-Xkr4-/- Cyfip2-S968F<J>,12,0,0,24,12,24
B6NJ-Zfp536+/- Cyfip2-S968F<J>,0,0,0,36,36,36
B6NJ-Zwint+/- Cyfip2-S968F<J>,18,0,0,36,18,36
B6NJ-Zzef1-/- Cyfip2-S968F<J>,18,0,0,36,18,36
B6SJL-Tg(5xFAD) HEMI,0,0,0,12,12,12
B6SJL-Tg(5xFAD) NCAR,0,0,0,12,12,12
C57BL/6J,52,0,32,82,64,62
C57BL/6NJ,39,0,32,46,31,46
DBA/2J,10,0,0,20,20,0
